id,first_name,last_name,email
40247553,John,Doe,john.doe@example.com
40247726,Jane,Smith,jane.smith@example.com
40247864,Michael,Johnson,michael.johnson@example.com
40127534,Emily,Brown,emily.brown@example.com
40268519,William,Jones,william.jones@example.com
40893215,Olivia,Miller,olivia.miller@example.com
42123456,James,Davis,james.davis@example.com
40768923,Emma,Garcia,emma.garcia@example.com
40987654,Joseph,Rodriguez,joseph.rodriguez@example.com
40321098,Mary,Martinez,mary.martinez@example.com
40678901,Alexander,Hernandez,alexander.hernandez@example.com
40236487,Elizabeth,Lopez,elizabeth.lopez@example.com
40122345,Mason,Gonzalez,mason.gonzalez@example.com
40982365,Luna,Perez,luna.perez@example.com
40893456,Jack,Wilson,jack.wilson@example.com
40234187,Lily,Anderson,lily.anderson@example.com
40128576,Noah,Taylor,noah.taylor@example.com
40458690,Charlotte,Moore,charlotte.moore@example.com
40230456,Sebastian,Jackson,sebastian.jackson@example.com
40759812,Sophia,White,sophia.white@example.com
40578129,Henry,Harris,henry.harris@example.com
40897234,Amelia,Martin,amelia.martin@example.com
40456789,Evelyn,Thompson,evelyn.thompson@example.com
40123489,Harper,Garcia,harper.garcia@example.com
40986543,Liam,Martinez,liam.martinez@example.com
40213465,Chloe,Robinson,chloe.robinson@example.com
40345678,Grace,Clark,grace.clark@example.com
40892765,Lucas,Rodriguez,lucas.rodriguez@example.com
40561823,Benjamin,Lewis,benjamin.lewis@example.com
40675329,Isabella,Lee,isabella.lee@example.com
40432987,Luna,Walker,luna.walker@example.com
40892134,Ella,Hall,ella.hall@example.com
40329876,Lincoln,Young,lincoln.young@example.com
40678123,Lillian,Allen,lillian.allen@example.com
40128976,Ellie,Hernandez,ellie.hernandez@example.com
40987645,Landon,King,landon.king@example.com
40564321,Nora,Wright,nora.wright@example.com
40234567,Eva,Scott,eva.scott@example.com
40879012,Hazel,Nguyen,hazel.nguyen@example.com
40127654,Levi,Hill,levi.hill@example.com
40456789,Liam,Young,liam.young@example.com
40218976,Maya,Green,maya.green@example.com
40987612,Leo,Adams,leo.adams@example.com
40567123,Riley,Baker,riley.baker@example.com
40678923,Harper,Hall,harper.hall@example.com
40341298,Nova,Flores,nova.flores@example.com
40453987,Grace,Hill,grace.hill@example.com
40987623,Julian,Young,julian.young@example.com
40561234,Aria,Murphy,aria.murphy@example.com
40123456,Nathan,Thomas,nathan.thomas@example.com